match_id,round,group,date,time,datetime_iso,all_day,home,away,result,url,datetime_raw
9,ROUND 1,B,2026-09-25,,2026-09-25,true,Zadar,Bosna BH Telecom,,https://www.aba-liga.com/match/9/26/1/Overview/q1/1/home/zadar-bosna-bh-telecom/,"Friday, 25.09.2026"
10,ROUND 1,B,2026-09-25,,2026-09-25,true,SC Derby,Spartak Office Shoes,,https://www.aba-liga.com/match/10/26/1/Overview/q1/1/home/sc-derby-spartak-office-shoes/,"Friday, 25.09.2026"
2,ROUND 1,A,2026-09-26,,2026-09-26,true,Budućnost VOLI,Cibona,,https://www.aba-liga.com/match/2/26/1/Overview/q1/1/home/buducnost-voli-cibona/,"Saturday, 26.09.2026"
3,ROUND 1,A,2026-09-26,,2026-09-26,true,Cedevita Olimpija,Krka,,https://www.aba-liga.com/match/3/26/1/Overview/q1/1/home/cedevita-olimpija-krka/,"Saturday, 26.09.2026"
4,ROUND 1,A,2026-09-26,,2026-09-26,true,Igokea m:tel,HKK Široki TT Kabeli,,https://www.aba-liga.com/match/4/26/1/Overview/q1/1/home/igokea-m-tel-hkk-siroki-tt-kabeli/,"Saturday, 26.09.2026"
1,ROUND 1,A,2026-09-27,,2026-09-27,true,Borac Mozzart,Crvena zvezda Meridianbet,,https://www.aba-liga.com/match/1/26/1/Overview/q1/1/home/borac-mozzart-crvena-zvezda-meridianbet/,"Sunday, 27.09.2026"
5,ROUND 1,A,2026-09-27,,2026-09-27,true,Slovan Bratislava,FMP,,https://www.aba-liga.com/match/5/26/1/Overview/q1/1/home/slovan-bratislava-fmp/,"Sunday, 27.09.2026"
6,ROUND 1,B,2026-09-27,,2026-09-27,true,Partizan Mozzart Bet,Perspektiva Ilirija,,https://www.aba-liga.com/match/6/26/1/Overview/q1/1/home/partizan-mozzart-bet-perspektiva-ilirija/,"Sunday, 27.09.2026"
7,ROUND 1,B,2026-09-27,,2026-09-27,true,Dubai Basketball,Vienna,,https://www.aba-liga.com/match/7/26/1/Overview/q1/1/home/dubai-basketball-vienna/,"Sunday, 27.09.2026"
8,ROUND 1,B,2026-09-27,12:00,2026-09-27T12:00:00+02:00,false,Mega Superbet,U-BT Cluj-Napoca,,https://www.aba-liga.com/match/8/26/1/Overview/q1/1/home/mega-superbet-u-bt-cluj-napoca/,"Sunday, 27.09.2026 12:00 CET"
13,ROUND 2,A,2026-10-02,,2026-10-02,true,Krka,Budućnost VOLI,,https://www.aba-liga.com/match/13/26/1/Overview/q1/1/home/krka-buducnost-voli/,"Friday, 02.10.2026"
15,ROUND 2,A,2026-10-02,,2026-10-02,true,Borac Mozzart,HKK Široki TT Kabeli,,https://www.aba-liga.com/match/15/26/1/Overview/q1/1/home/borac-mozzart-hkk-siroki-tt-kabeli/,"Friday, 02.10.2026"
12,ROUND 2,A,2026-10-03,,2026-10-03,true,Cedevita Olimpija,Cibona,,https://www.aba-liga.com/match/12/26/1/Overview/q1/1/home/cedevita-olimpija-cibona/,"Saturday, 03.10.2026"
14,ROUND 2,A,2026-10-03,,2026-10-03,true,Igokea m:tel,Slovan Bratislava,,https://www.aba-liga.com/match/14/26/1/Overview/q1/1/home/igokea-m-tel-slovan-bratislava/,"Saturday, 03.10.2026"
18,ROUND 2,B,2026-10-03,17:00,2026-10-03T17:00:00+02:00,false,Vienna,U-BT Cluj-Napoca,,https://www.aba-liga.com/match/18/26/1/Overview/q1/1/home/vienna-u-bt-cluj-napoca/,"Saturday, 03.10.2026 17:00 CET"
19,ROUND 2,B,2026-10-04,,2026-10-04,true,Zadar,SC Derby,,https://www.aba-liga.com/match/19/26/1/Overview/q1/1/home/zadar-sc-derby/,"Sunday, 04.10.2026"
20,ROUND 2,B,2026-10-04,,2026-10-04,true,Spartak Office Shoes,Bosna BH Telecom,,https://www.aba-liga.com/match/20/26/1/Overview/q1/1/home/spartak-office-shoes-bosna-bh-telecom/,"Sunday, 04.10.2026"
11,ROUND 2,A,2026-10-04,17:00,2026-10-04T17:00:00+02:00,false,FMP,Crvena zvezda Meridianbet,,https://www.aba-liga.com/match/11/26/1/Overview/q1/1/home/fmp-crvena-zvezda-meridianbet/,"Sunday, 04.10.2026 17:00 CET"
16,ROUND 2,B,2026-10-05,,2026-10-05,true,Mega Superbet,Partizan Mozzart Bet,,https://www.aba-liga.com/match/16/26/1/Overview/q1/1/home/mega-superbet-partizan-mozzart-bet/,"Monday, 05.10.2026"
17,ROUND 2,B,2026-10-05,,2026-10-05,true,Perspektiva Ilirija,Dubai Basketball,,https://www.aba-liga.com/match/17/26/1/Overview/q1/1/home/perspektiva-ilirija-dubai-basketball/,"Monday, 05.10.2026"
24,ROUND 3,A,2026-10-09,,2026-10-09,true,Igokea m:tel,Borac Mozzart,,https://www.aba-liga.com/match/24/26/1/Overview/q1/1/home/igokea-m-tel-borac-mozzart/,"Friday, 09.10.2026"
25,ROUND 3,A,2026-10-09,,2026-10-09,true,Krka,FMP,,https://www.aba-liga.com/match/25/26/1/Overview/q1/1/home/krka-fmp/,"Friday, 09.10.2026"
22,ROUND 3,A,2026-10-10,,2026-10-10,true,HKK Široki TT Kabeli,Cedevita Olimpija,,https://www.aba-liga.com/match/22/26/1/Overview/q1/1/home/hkk-siroki-tt-kabeli-cedevita-olimpija/,"Saturday, 10.10.2026"
27,ROUND 3,B,2026-10-10,,2026-10-10,true,U-BT Cluj-Napoca,Dubai Basketball,,https://www.aba-liga.com/match/27/26/1/Overview/q1/1/home/u-bt-cluj-napoca-dubai-basketball/,"Saturday, 10.10.2026"
30,ROUND 3,B,2026-10-10,,2026-10-10,true,Perspektiva Ilirija,Spartak Office Shoes,,https://www.aba-liga.com/match/30/26/1/Overview/q1/1/home/perspektiva-ilirija-spartak-office-shoes/,"Saturday, 10.10.2026"
21,ROUND 3,A,2026-10-11,,2026-10-11,true,Crvena zvezda Meridianbet,Budućnost VOLI,,https://www.aba-liga.com/match/21/26/1/Overview/q1/1/home/crvena-zvezda-meridianbet-buducnost-voli/,"Sunday, 11.10.2026"
26,ROUND 3,B,2026-10-11,,2026-10-11,true,Partizan Mozzart Bet,Vienna,,https://www.aba-liga.com/match/26/26/1/Overview/q1/1/home/partizan-mozzart-bet-vienna/,"Sunday, 11.10.2026"
29,ROUND 3,B,2026-10-11,,2026-10-11,true,SC Derby,Bosna BH Telecom,,https://www.aba-liga.com/match/29/26/1/Overview/q1/1/home/sc-derby-bosna-bh-telecom/,"Sunday, 11.10.2026"
28,ROUND 3,B,2026-10-11,12:00,2026-10-11T12:00:00+02:00,false,Mega Superbet,Zadar,,https://www.aba-liga.com/match/28/26/1/Overview/q1/1/home/mega-superbet-zadar/,"Sunday, 11.10.2026 12:00 CET"
23,ROUND 3,A,2026-10-12,,2026-10-12,true,Cibona,Slovan Bratislava,,https://www.aba-liga.com/match/23/26/1/Overview/q1/1/home/cibona-slovan-bratislava/,"Monday, 12.10.2026"
34,ROUND 4,A,2026-10-15,,2026-10-15,true,Cibona,Borac Mozzart,,https://www.aba-liga.com/match/34/26/1/Overview/q1/1/home/cibona-borac-mozzart/,"Thursday, 15.10.2026"
35,ROUND 4,A,2026-10-16,,2026-10-16,true,FMP,HKK Široki TT Kabeli,,https://www.aba-liga.com/match/35/26/1/Overview/q1/1/home/fmp-hkk-siroki-tt-kabeli/,"Friday, 16.10.2026"
32,ROUND 4,A,2026-10-17,,2026-10-17,true,Budućnost VOLI,Slovan Bratislava,,https://www.aba-liga.com/match/32/26/1/Overview/q1/1/home/buducnost-voli-slovan-bratislava/,"Saturday, 17.10.2026"
33,ROUND 4,A,2026-10-17,,2026-10-17,true,Igokea m:tel,Cedevita Olimpija,,https://www.aba-liga.com/match/33/26/1/Overview/q1/1/home/igokea-m-tel-cedevita-olimpija/,"Saturday, 17.10.2026"
40,ROUND 4,B,2026-10-17,17:00,2026-10-17T17:00:00+02:00,false,Vienna,Zadar,,https://www.aba-liga.com/match/40/26/1/Overview/q1/1/home/vienna-zadar/,"Saturday, 17.10.2026 17:00 CET"
36,ROUND 4,B,2026-10-18,,2026-10-18,true,Bosna BH Telecom,Partizan Mozzart Bet,,https://www.aba-liga.com/match/36/26/1/Overview/q1/1/home/bosna-bh-telecom-partizan-mozzart-bet/,"Sunday, 18.10.2026"
38,ROUND 4,B,2026-10-18,,2026-10-18,true,Perspektiva Ilirija,Mega Superbet,,https://www.aba-liga.com/match/38/26/1/Overview/q1/1/home/perspektiva-ilirija-mega-superbet/,"Sunday, 18.10.2026"
39,ROUND 4,B,2026-10-18,,2026-10-18,true,Spartak Office Shoes,U-BT Cluj-Napoca,,https://www.aba-liga.com/match/39/26/1/Overview/q1/1/home/spartak-office-shoes-u-bt-cluj-napoca/,"Sunday, 18.10.2026"
37,ROUND 4,B,2026-10-19,,2026-10-19,true,Dubai Basketball,SC Derby,,https://www.aba-liga.com/match/37/26/1/Overview/q1/1/home/dubai-basketball-sc-derby/,"Monday, 19.10.2026"
31,ROUND 4,A,2026-10-19,16:00,2026-10-19T16:00:00+02:00,false,Krka,Crvena zvezda Meridianbet,,https://www.aba-liga.com/match/31/26/1/Overview/q1/1/home/krka-crvena-zvezda-meridianbet/,"Monday, 19.10.2026 16:00 CET"
45,ROUND 5,A,2026-10-22,,2026-10-22,true,HKK Široki TT Kabeli,Slovan Bratislava,,https://www.aba-liga.com/match/45/26/1/Overview/q1/1/home/hkk-siroki-tt-kabeli-slovan-bratislava/,"Thursday, 22.10.2026"
44,ROUND 5,A,2026-10-23,,2026-10-23,true,Borac Mozzart,FMP,,https://www.aba-liga.com/match/44/26/1/Overview/q1/1/home/borac-mozzart-fmp/,"Friday, 23.10.2026"
41,ROUND 5,A,2026-10-24,,2026-10-24,true,Igokea m:tel,Crvena zvezda Meridianbet,,https://www.aba-liga.com/match/41/26/1/Overview/q1/1/home/igokea-m-tel-crvena-zvezda-meridianbet/,"Saturday, 24.10.2026"
42,ROUND 5,A,2026-10-24,,2026-10-24,true,Cedevita Olimpija,Budućnost VOLI,,https://www.aba-liga.com/match/42/26/1/Overview/q1/1/home/cedevita-olimpija-buducnost-voli/,"Saturday, 24.10.2026"
47,ROUND 5,B,2026-10-24,,2026-10-24,true,Bosna BH Telecom,Dubai Basketball,,https://www.aba-liga.com/match/47/26/1/Overview/q1/1/home/bosna-bh-telecom-dubai-basketball/,"Saturday, 24.10.2026"
46,ROUND 5,B,2026-10-25,,2026-10-25,true,Spartak Office Shoes,Partizan Mozzart Bet,,https://www.aba-liga.com/match/46/26/1/Overview/q1/1/home/spartak-office-shoes-partizan-mozzart-bet/,"Sunday, 25.10.2026"
48,ROUND 5,B,2026-10-25,,2026-10-25,true,Zadar,Perspektiva Ilirija,,https://www.aba-liga.com/match/48/26/1/Overview/q1/1/home/zadar-perspektiva-ilirija/,"Sunday, 25.10.2026"
49,ROUND 5,B,2026-10-25,,2026-10-25,true,Vienna,Mega Superbet,,https://www.aba-liga.com/match/49/26/1/Overview/q1/1/home/vienna-mega-superbet/,"Sunday, 25.10.2026"
43,ROUND 5,A,2026-10-26,,2026-10-26,true,Cibona,Krka,,https://www.aba-liga.com/match/43/26/1/Overview/q1/1/home/cibona-krka/,"Monday, 26.10.2026"
50,ROUND 5,B,2026-10-26,,2026-10-26,true,SC Derby,U-BT Cluj-Napoca,,https://www.aba-liga.com/match/50/26/1/Overview/q1/1/home/sc-derby-u-bt-cluj-napoca/,"Monday, 26.10.2026"
54,ROUND 6,A,2026-10-30,,2026-10-30,true,Cibona,Igokea m:tel,,https://www.aba-liga.com/match/54/26/1/Overview/q1/1/home/cibona-igokea-m-tel/,"Friday, 30.10.2026"
52,ROUND 6,A,2026-10-31,,2026-10-31,true,Budućnost VOLI,Borac Mozzart,,https://www.aba-liga.com/match/52/26/1/Overview/q1/1/home/buducnost-voli-borac-mozzart/,"Saturday, 31.10.2026"
53,ROUND 6,A,2026-10-31,,2026-10-31,true,Cedevita Olimpija,FMP,,https://www.aba-liga.com/match/53/26/1/Overview/q1/1/home/cedevita-olimpija-fmp/,"Saturday, 31.10.2026"
59,ROUND 6,B,2026-10-31,17:00,2026-10-31T17:00:00+01:00,false,Vienna,Bosna BH Telecom,,https://www.aba-liga.com/match/59/26/1/Overview/q1/1/home/vienna-bosna-bh-telecom/,"Saturday, 31.10.2026 17:00 CET"
55,ROUND 6,A,2026-11-01,,2026-11-01,true,Slovan Bratislava,Krka,,https://www.aba-liga.com/match/55/26/1/Overview/q1/1/home/slovan-bratislava-krka/,"Sunday, 01.11.2026"
60,ROUND 6,B,2026-11-01,,2026-11-01,true,SC Derby,Perspektiva Ilirija,,https://www.aba-liga.com/match/60/26/1/Overview/q1/1/home/sc-derby-perspektiva-ilirija/,"Sunday, 01.11.2026"
58,ROUND 6,B,2026-11-01,12:00,2026-11-01T12:00:00+01:00,false,Mega Superbet,Spartak Office Shoes,,https://www.aba-liga.com/match/58/26/1/Overview/q1/1/home/mega-superbet-spartak-office-shoes/,"Sunday, 01.11.2026 12:00 CET"
51,ROUND 6,A,2026-11-02,,2026-11-02,true,Crvena zvezda Meridianbet,HKK Široki TT Kabeli,,https://www.aba-liga.com/match/51/26/1/Overview/q1/1/home/crvena-zvezda-meridianbet-hkk-siroki-tt-kabeli/,"Monday, 02.11.2026"
56,ROUND 6,B,2026-11-02,,2026-11-02,true,Partizan Mozzart Bet,U-BT Cluj-Napoca,,https://www.aba-liga.com/match/56/26/1/Overview/q1/1/home/partizan-mozzart-bet-u-bt-cluj-napoca/,"Monday, 02.11.2026"
57,ROUND 6,B,2026-11-02,,2026-11-02,true,Dubai Basketball,Zadar,,https://www.aba-liga.com/match/57/26/1/Overview/q1/1/home/dubai-basketball-zadar/,"Monday, 02.11.2026"
69,ROUND 7,B,2026-11-06,,2026-11-06,true,Spartak Office Shoes,Zadar,,https://www.aba-liga.com/match/69/26/1/Overview/q1/1/home/spartak-office-shoes-zadar/,"Friday, 06.11.2026"
70,ROUND 7,B,2026-11-06,,2026-11-06,true,Perspektiva Ilirija,Vienna,,https://www.aba-liga.com/match/70/26/1/Overview/q1/1/home/perspektiva-ilirija-vienna/,"Friday, 06.11.2026"
62,ROUND 7,A,2026-11-07,,2026-11-07,true,FMP,Budućnost VOLI,,https://www.aba-liga.com/match/62/26/1/Overview/q1/1/home/fmp-buducnost-voli/,"Saturday, 07.11.2026"
63,ROUND 7,A,2026-11-07,,2026-11-07,true,Borac Mozzart,Cedevita Olimpija,,https://www.aba-liga.com/match/63/26/1/Overview/q1/1/home/borac-mozzart-cedevita-olimpija/,"Saturday, 07.11.2026"
61,ROUND 7,A,2026-11-08,,2026-11-08,true,Crvena zvezda Meridianbet,Slovan Bratislava,,https://www.aba-liga.com/match/61/26/1/Overview/q1/1/home/crvena-zvezda-meridianbet-slovan-bratislava/,"Sunday, 08.11.2026"
65,ROUND 7,A,2026-11-08,,2026-11-08,true,Krka,Igokea m:tel,,https://www.aba-liga.com/match/65/26/1/Overview/q1/1/home/krka-igokea-m-tel/,"Sunday, 08.11.2026"
66,ROUND 7,B,2026-11-08,,2026-11-08,true,Partizan Mozzart Bet,SC Derby,,https://www.aba-liga.com/match/66/26/1/Overview/q1/1/home/partizan-mozzart-bet-sc-derby/,"Sunday, 08.11.2026"
67,ROUND 7,B,2026-11-08,,2026-11-08,true,U-BT Cluj-Napoca,Bosna BH Telecom,,https://www.aba-liga.com/match/67/26/1/Overview/q1/1/home/u-bt-cluj-napoca-bosna-bh-telecom/,"Sunday, 08.11.2026"
64,ROUND 7,A,2026-11-09,,2026-11-09,true,HKK Široki TT Kabeli,Cibona,,https://www.aba-liga.com/match/64/26/1/Overview/q1/1/home/hkk-siroki-tt-kabeli-cibona/,"Monday, 09.11.2026"
68,ROUND 7,B,2026-11-09,,2026-11-09,true,Mega Superbet,Dubai Basketball,,https://www.aba-liga.com/match/68/26/1/Overview/q1/1/home/mega-superbet-dubai-basketball/,"Monday, 09.11.2026"
73,ROUND 8,A,2026-11-13,,2026-11-13,true,Cibona,FMP,,https://www.aba-liga.com/match/73/26/1/Overview/q1/1/home/cibona-fmp/,"Friday, 13.11.2026"
74,ROUND 8,A,2026-11-13,,2026-11-13,true,Krka,HKK Široki TT Kabeli,,https://www.aba-liga.com/match/74/26/1/Overview/q1/1/home/krka-hkk-siroki-tt-kabeli/,"Friday, 13.11.2026"
76,ROUND 8,B,2026-11-14,,2026-11-14,true,Zadar,Partizan Mozzart Bet,,https://www.aba-liga.com/match/76/26/1/Overview/q1/1/home/zadar-partizan-mozzart-bet/,"Saturday, 14.11.2026"
79,ROUND 8,B,2026-11-14,,2026-11-14,true,U-BT Cluj-Napoca,Perspektiva Ilirija,,https://www.aba-liga.com/match/79/26/1/Overview/q1/1/home/u-bt-cluj-napoca-perspektiva-ilirija/,"Saturday, 14.11.2026"
72,ROUND 8,A,2026-11-14,17:00,2026-11-14T17:00:00+01:00,false,Igokea m:tel,Budućnost VOLI,,https://www.aba-liga.com/match/72/26/1/Overview/q1/1/home/igokea-m-tel-buducnost-voli/,"Saturday, 14.11.2026 17:00 CET"
71,ROUND 8,A,2026-11-15,,2026-11-15,true,Crvena zvezda Meridianbet,Cedevita Olimpija,,https://www.aba-liga.com/match/71/26/1/Overview/q1/1/home/crvena-zvezda-meridianbet-cedevita-olimpija/,"Sunday, 15.11.2026"
77,ROUND 8,B,2026-11-15,,2026-11-15,true,Dubai Basketball,Spartak Office Shoes,,https://www.aba-liga.com/match/77/26/1/Overview/q1/1/home/dubai-basketball-spartak-office-shoes/,"Sunday, 15.11.2026"
78,ROUND 8,B,2026-11-15,,2026-11-15,true,Bosna BH Telecom,Mega Superbet,,https://www.aba-liga.com/match/78/26/1/Overview/q1/1/home/bosna-bh-telecom-mega-superbet/,"Sunday, 15.11.2026"
75,ROUND 8,A,2026-11-16,,2026-11-16,true,Borac Mozzart,Slovan Bratislava,,https://www.aba-liga.com/match/75/26/1/Overview/q1/1/home/borac-mozzart-slovan-bratislava/,"Monday, 16.11.2026"
80,ROUND 8,B,2026-11-16,,2026-11-16,true,SC Derby,Vienna,,https://www.aba-liga.com/match/80/26/1/Overview/q1/1/home/sc-derby-vienna/,"Monday, 16.11.2026"
90,ROUND 9,B,2026-11-19,,2026-11-19,true,Bosna BH Telecom,Perspektiva Ilirija,,https://www.aba-liga.com/match/90/26/1/Overview/q1/1/home/bosna-bh-telecom-perspektiva-ilirija/,"Thursday, 19.11.2026"
84,ROUND 9,A,2026-11-20,,2026-11-20,true,Krka,Borac Mozzart,,https://www.aba-liga.com/match/84/26/1/Overview/q1/1/home/krka-borac-mozzart/,"Friday, 20.11.2026"
85,ROUND 9,A,2026-11-20,,2026-11-20,true,FMP,Igokea m:tel,,https://www.aba-liga.com/match/85/26/1/Overview/q1/1/home/fmp-igokea-m-tel/,"Friday, 20.11.2026"
82,ROUND 9,A,2026-11-21,,2026-11-21,true,Budućnost VOLI,HKK Široki TT Kabeli,,https://www.aba-liga.com/match/82/26/1/Overview/q1/1/home/buducnost-voli-hkk-siroki-tt-kabeli/,"Saturday, 21.11.2026"
89,ROUND 9,B,2026-11-21,,2026-11-21,true,Spartak Office Shoes,Vienna,,https://www.aba-liga.com/match/89/26/1/Overview/q1/1/home/spartak-office-shoes-vienna/,"Saturday, 21.11.2026"
81,ROUND 9,A,2026-11-22,,2026-11-22,true,Crvena zvezda Meridianbet,Cibona,,https://www.aba-liga.com/match/81/26/1/Overview/q1/1/home/crvena-zvezda-meridianbet-cibona/,"Sunday, 22.11.2026"
83,ROUND 9,A,2026-11-22,,2026-11-22,true,Cedevita Olimpija,Slovan Bratislava,,https://www.aba-liga.com/match/83/26/1/Overview/q1/1/home/cedevita-olimpija-slovan-bratislava/,"Sunday, 22.11.2026"
86,ROUND 9,B,2026-11-22,,2026-11-22,true,Partizan Mozzart Bet,Dubai Basketball,,https://www.aba-liga.com/match/86/26/1/Overview/q1/1/home/partizan-mozzart-bet-dubai-basketball/,"Sunday, 22.11.2026"
88,ROUND 9,B,2026-11-22,,2026-11-22,true,U-BT Cluj-Napoca,Zadar,,https://www.aba-liga.com/match/88/26/1/Overview/q1/1/home/u-bt-cluj-napoca-zadar/,"Sunday, 22.11.2026"
87,ROUND 9,B,2026-11-22,12:00,2026-11-22T12:00:00+01:00,false,Mega Superbet,SC Derby,,https://www.aba-liga.com/match/87/26/1/Overview/q1/1/home/mega-superbet-sc-derby/,"Sunday, 22.11.2026 12:00 CET"
93,ROUND 10,A,2026-12-04,,2026-12-04,true,Igokea m:tel,Cibona,,https://www.aba-liga.com/match/93/26/1/Overview/q1/1/home/igokea-m-tel-cibona/,"Friday, 04.12.2026"
92,ROUND 10,A,2026-12-05,,2026-12-05,true,Budućnost VOLI,Krka,,https://www.aba-liga.com/match/92/26/1/Overview/q1/1/home/buducnost-voli-krka/,"Saturday, 05.12.2026"
95,ROUND 10,A,2026-12-05,,2026-12-05,true,HKK Široki TT Kabeli,FMP,,https://www.aba-liga.com/match/95/26/1/Overview/q1/1/home/hkk-siroki-tt-kabeli-fmp/,"Saturday, 05.12.2026"
100,ROUND 10,B,2026-12-05,17:00,2026-12-05T17:00:00+01:00,false,Vienna,SC Derby,,https://www.aba-liga.com/match/100/26/1/Overview/q1/1/home/vienna-sc-derby/,"Saturday, 05.12.2026 17:00 CET"
91,ROUND 10,A,2026-12-06,,2026-12-06,true,Cedevita Olimpija,Crvena zvezda Meridianbet,,https://www.aba-liga.com/match/91/26/1/Overview/q1/1/home/cedevita-olimpija-crvena-zvezda-meridianbet/,"Sunday, 06.12.2026"
97,ROUND 10,B,2026-12-06,,2026-12-06,true,Spartak Office Shoes,Dubai Basketball,,https://www.aba-liga.com/match/97/26/1/Overview/q1/1/home/spartak-office-shoes-dubai-basketball/,"Sunday, 06.12.2026"
99,ROUND 10,B,2026-12-06,,2026-12-06,true,Bosna BH Telecom,U-BT Cluj-Napoca,,https://www.aba-liga.com/match/99/26/1/Overview/q1/1/home/bosna-bh-telecom-u-bt-cluj-napoca/,"Sunday, 06.12.2026"
94,ROUND 10,A,2026-12-07,,2026-12-07,true,Slovan Bratislava,Borac Mozzart,,https://www.aba-liga.com/match/94/26/1/Overview/q1/1/home/slovan-bratislava-borac-mozzart/,"Monday, 07.12.2026"
96,ROUND 10,B,2026-12-07,,2026-12-07,true,Perspektiva Ilirija,Partizan Mozzart Bet,,https://www.aba-liga.com/match/96/26/1/Overview/q1/1/home/perspektiva-ilirija-partizan-mozzart-bet/,"Monday, 07.12.2026"
98,ROUND 10,B,2026-12-07,,2026-12-07,true,Zadar,Mega Superbet,,https://www.aba-liga.com/match/98/26/1/Overview/q1/1/home/zadar-mega-superbet/,"Monday, 07.12.2026"
104,ROUND 11,A,2026-12-11,,2026-12-11,true,Igokea m:tel,Krka,,https://www.aba-liga.com/match/104/26/1/Overview/q1/1/home/igokea-m-tel-krka/,"Friday, 11.12.2026"
110,ROUND 11,B,2026-12-11,,2026-12-11,true,Zadar,Vienna,,https://www.aba-liga.com/match/110/26/1/Overview/q1/1/home/zadar-vienna/,"Friday, 11.12.2026"
102,ROUND 11,A,2026-12-12,,2026-12-12,true,Cibona,Budućnost VOLI,,https://www.aba-liga.com/match/102/26/1/Overview/q1/1/home/cibona-buducnost-voli/,"Saturday, 12.12.2026"
103,ROUND 11,A,2026-12-12,,2026-12-12,true,FMP,Cedevita Olimpija,,https://www.aba-liga.com/match/103/26/1/Overview/q1/1/home/fmp-cedevita-olimpija/,"Saturday, 12.12.2026"
101,ROUND 11,A,2026-12-13,,2026-12-13,true,Crvena zvezda Meridianbet,Borac Mozzart,,https://www.aba-liga.com/match/101/26/1/Overview/q1/1/home/crvena-zvezda-meridianbet-borac-mozzart/,"Sunday, 13.12.2026"
105,ROUND 11,A,2026-12-13,,2026-12-13,true,Slovan Bratislava,HKK Široki TT Kabeli,,https://www.aba-liga.com/match/105/26/1/Overview/q1/1/home/slovan-bratislava-hkk-siroki-tt-kabeli/,"Sunday, 13.12.2026"
106,ROUND 11,B,2026-12-13,,2026-12-13,true,Partizan Mozzart Bet,Spartak Office Shoes,,https://www.aba-liga.com/match/106/26/1/Overview/q1/1/home/partizan-mozzart-bet-spartak-office-shoes/,"Sunday, 13.12.2026"
107,ROUND 11,B,2026-12-13,,2026-12-13,true,Dubai Basketball,Perspektiva Ilirija,,https://www.aba-liga.com/match/107/26/1/Overview/q1/1/home/dubai-basketball-perspektiva-ilirija/,"Sunday, 13.12.2026"
109,ROUND 11,B,2026-12-13,12:00,2026-12-13T12:00:00+01:00,false,Mega Superbet,Bosna BH Telecom,,https://www.aba-liga.com/match/109/26/1/Overview/q1/1/home/mega-superbet-bosna-bh-telecom/,"Sunday, 13.12.2026 12:00 CET"
108,ROUND 11,B,2027-01-21,,2027-01-21,true,U-BT Cluj-Napoca,SC Derby,,https://www.aba-liga.com/match/108/26/1/Overview/q1/1/home/u-bt-cluj-napoca-sc-derby/,"Thursday, 21.01.2027"
119,ROUND 12,B,2026-12-18,,2026-12-18,true,Bosna BH Telecom,Spartak Office Shoes,,https://www.aba-liga.com/match/119/26/1/Overview/q1/1/home/bosna-bh-telecom-spartak-office-shoes/,"Friday, 18.12.2026"
112,ROUND 12,A,2026-12-19,,2026-12-19,true,Slovan Bratislava,Budućnost VOLI,,https://www.aba-liga.com/match/112/26/1/Overview/q1/1/home/slovan-bratislava-buducnost-voli/,"Saturday, 19.12.2026"
114,ROUND 12,A,2026-12-19,,2026-12-19,true,Borac Mozzart,Cibona,,https://www.aba-liga.com/match/114/26/1/Overview/q1/1/home/borac-mozzart-cibona/,"Saturday, 19.12.2026"
115,ROUND 12,A,2026-12-19,,2026-12-19,true,HKK Široki TT Kabeli,Igokea m:tel,,https://www.aba-liga.com/match/115/26/1/Overview/q1/1/home/hkk-siroki-tt-kabeli-igokea-m-tel/,"Saturday, 19.12.2026"
117,ROUND 12,B,2026-12-19,17:00,2026-12-19T17:00:00+01:00,false,Vienna,Dubai Basketball,,https://www.aba-liga.com/match/117/26/1/Overview/q1/1/home/vienna-dubai-basketball/,"Saturday, 19.12.2026 17:00 CET"
111,ROUND 12,A,2026-12-20,,2026-12-20,true,Crvena zvezda Meridianbet,FMP,,https://www.aba-liga.com/match/111/26/1/Overview/q1/1/home/crvena-zvezda-meridianbet-fmp/,"Sunday, 20.12.2026"
113,ROUND 12,A,2026-12-20,,2026-12-20,true,Krka,Cedevita Olimpija,,https://www.aba-liga.com/match/113/26/1/Overview/q1/1/home/krka-cedevita-olimpija/,"Sunday, 20.12.2026"
116,ROUND 12,B,2026-12-20,,2026-12-20,true,Partizan Mozzart Bet,Mega Superbet,,https://www.aba-liga.com/match/116/26/1/Overview/q1/1/home/partizan-mozzart-bet-mega-superbet/,"Sunday, 20.12.2026"
118,ROUND 12,B,2026-12-20,,2026-12-20,true,Zadar,U-BT Cluj-Napoca,,https://www.aba-liga.com/match/118/26/1/Overview/q1/1/home/zadar-u-bt-cluj-napoca/,"Sunday, 20.12.2026"
120,ROUND 12,B,2026-12-21,,2026-12-21,true,Perspektiva Ilirija,SC Derby,,https://www.aba-liga.com/match/120/26/1/Overview/q1/1/home/perspektiva-ilirija-sc-derby/,"Monday, 21.12.2026"
127,ROUND 13,B,2026-12-25,,2026-12-25,true,Dubai Basketball,Bosna BH Telecom,,https://www.aba-liga.com/match/127/26/1/Overview/q1/1/home/dubai-basketball-bosna-bh-telecom/,"Friday, 25.12.2026"
122,ROUND 13,A,2026-12-26,,2026-12-26,true,Budućnost VOLI,FMP,,https://www.aba-liga.com/match/122/26/1/Overview/q1/1/home/buducnost-voli-fmp/,"Saturday, 26.12.2026"
126,ROUND 13,B,2026-12-26,,2026-12-26,true,U-BT Cluj-Napoca,Partizan Mozzart Bet,,https://www.aba-liga.com/match/126/26/1/Overview/q1/1/home/u-bt-cluj-napoca-partizan-mozzart-bet/,"Saturday, 26.12.2026"
128,ROUND 13,B,2026-12-26,,2026-12-26,true,Spartak Office Shoes,Mega Superbet,,https://www.aba-liga.com/match/128/26/1/Overview/q1/1/home/spartak-office-shoes-mega-superbet/,"Saturday, 26.12.2026"
121,ROUND 13,A,2026-12-27,,2026-12-27,true,Slovan Bratislava,Crvena zvezda Meridianbet,,https://www.aba-liga.com/match/121/26/1/Overview/q1/1/home/slovan-bratislava-crvena-zvezda-meridianbet/,"Sunday, 27.12.2026"
123,ROUND 13,A,2026-12-27,,2026-12-27,true,Cedevita Olimpija,HKK Široki TT Kabeli,,https://www.aba-liga.com/match/123/26/1/Overview/q1/1/home/cedevita-olimpija-hkk-siroki-tt-kabeli/,"Sunday, 27.12.2026"
124,ROUND 13,A,2026-12-27,,2026-12-27,true,Krka,Cibona,,https://www.aba-liga.com/match/124/26/1/Overview/q1/1/home/krka-cibona/,"Sunday, 27.12.2026"
125,ROUND 13,A,2026-12-27,,2026-12-27,true,Borac Mozzart,Igokea m:tel,,https://www.aba-liga.com/match/125/26/1/Overview/q1/1/home/borac-mozzart-igokea-m-tel/,"Sunday, 27.12.2026"
129,ROUND 13,B,2026-12-28,,2026-12-28,true,Vienna,Perspektiva Ilirija,,https://www.aba-liga.com/match/129/26/1/Overview/q1/1/home/vienna-perspektiva-ilirija/,"Monday, 28.12.2026"
130,ROUND 13,B,2026-12-28,,2026-12-28,true,SC Derby,Zadar,,https://www.aba-liga.com/match/130/26/1/Overview/q1/1/home/sc-derby-zadar/,"Monday, 28.12.2026"
139,ROUND 14,B,2027-01-01,,2027-01-01,true,Zadar,Spartak Office Shoes,,https://www.aba-liga.com/match/139/26/1/Overview/q1/1/home/zadar-spartak-office-shoes/,"Friday, 01.01.2027"
132,ROUND 14,A,2027-01-02,,2027-01-02,true,Borac Mozzart,Budućnost VOLI,,https://www.aba-liga.com/match/132/26/1/Overview/q1/1/home/borac-mozzart-buducnost-voli/,"Saturday, 02.01.2027"
134,ROUND 14,A,2027-01-02,,2027-01-02,true,HKK Široki TT Kabeli,Krka,,https://www.aba-liga.com/match/134/26/1/Overview/q1/1/home/hkk-siroki-tt-kabeli-krka/,"Saturday, 02.01.2027"
135,ROUND 14,A,2027-01-02,,2027-01-02,true,FMP,Slovan Bratislava,,https://www.aba-liga.com/match/135/26/1/Overview/q1/1/home/fmp-slovan-bratislava/,"Saturday, 02.01.2027"
133,ROUND 14,A,2027-01-03,,2027-01-03,true,Cedevita Olimpija,Igokea m:tel,,https://www.aba-liga.com/match/133/26/1/Overview/q1/1/home/cedevita-olimpija-igokea-m-tel/,"Sunday, 03.01.2027"
136,ROUND 14,B,2027-01-03,,2027-01-03,true,SC Derby,Partizan Mozzart Bet,,https://www.aba-liga.com/match/136/26/1/Overview/q1/1/home/sc-derby-partizan-mozzart-bet/,"Sunday, 03.01.2027"
138,ROUND 14,B,2027-01-03,12:00,2027-01-03T12:00:00+01:00,false,Mega Superbet,Vienna,,https://www.aba-liga.com/match/138/26/1/Overview/q1/1/home/mega-superbet-vienna/,"Sunday, 03.01.2027 12:00 CET"
131,ROUND 14,A,2027-01-03,17:00,2027-01-03T17:00:00+01:00,false,Cibona,Crvena zvezda Meridianbet,,https://www.aba-liga.com/match/131/26/1/Overview/q1/1/home/cibona-crvena-zvezda-meridianbet/,"Sunday, 03.01.2027 17:00 CET"
137,ROUND 14,B,2027-01-04,,2027-01-04,true,Dubai Basketball,U-BT Cluj-Napoca,,https://www.aba-liga.com/match/137/26/1/Overview/q1/1/home/dubai-basketball-u-bt-cluj-napoca/,"Monday, 04.01.2027"
140,ROUND 14,B,2027-01-04,,2027-01-04,true,Perspektiva Ilirija,Bosna BH Telecom,,https://www.aba-liga.com/match/140/26/1/Overview/q1/1/home/perspektiva-ilirija-bosna-bh-telecom/,"Monday, 04.01.2027"
145,ROUND 15,A,2027-01-08,,2027-01-08,true,HKK Široki TT Kabeli,Borac Mozzart,,https://www.aba-liga.com/match/145/26/1/Overview/q1/1/home/hkk-siroki-tt-kabeli-borac-mozzart/,"Friday, 08.01.2027"
149,ROUND 15,B,2027-01-08,,2027-01-08,true,Perspektiva Ilirija,Zadar,,https://www.aba-liga.com/match/149/26/1/Overview/q1/1/home/perspektiva-ilirija-zadar/,"Friday, 08.01.2027"
142,ROUND 15,A,2027-01-09,,2027-01-09,true,Budućnost VOLI,Cedevita Olimpija,,https://www.aba-liga.com/match/142/26/1/Overview/q1/1/home/buducnost-voli-cedevita-olimpija/,"Saturday, 09.01.2027"
143,ROUND 15,A,2027-01-09,,2027-01-09,true,FMP,Cibona,,https://www.aba-liga.com/match/143/26/1/Overview/q1/1/home/fmp-cibona/,"Saturday, 09.01.2027"
146,ROUND 15,B,2027-01-09,17:00,2027-01-09T17:00:00+01:00,false,Vienna,Partizan Mozzart Bet,,https://www.aba-liga.com/match/146/26/1/Overview/q1/1/home/vienna-partizan-mozzart-bet/,"Saturday, 09.01.2027 17:00 CET"
141,ROUND 15,A,2027-01-10,,2027-01-10,true,Crvena zvezda Meridianbet,Krka,,https://www.aba-liga.com/match/141/26/1/Overview/q1/1/home/crvena-zvezda-meridianbet-krka/,"Sunday, 10.01.2027"
147,ROUND 15,B,2027-01-10,,2027-01-10,true,Dubai Basketball,Mega Superbet,,https://www.aba-liga.com/match/147/26/1/Overview/q1/1/home/dubai-basketball-mega-superbet/,"Sunday, 10.01.2027"
148,ROUND 15,B,2027-01-10,,2027-01-10,true,U-BT Cluj-Napoca,Spartak Office Shoes,,https://www.aba-liga.com/match/148/26/1/Overview/q1/1/home/u-bt-cluj-napoca-spartak-office-shoes/,"Sunday, 10.01.2027"
144,ROUND 15,A,2027-01-11,,2027-01-11,true,Slovan Bratislava,Igokea m:tel,,https://www.aba-liga.com/match/144/26/1/Overview/q1/1/home/slovan-bratislava-igokea-m-tel/,"Monday, 11.01.2027"
150,ROUND 15,B,2027-01-11,,2027-01-11,true,Bosna BH Telecom,SC Derby,,https://www.aba-liga.com/match/150/26/1/Overview/q1/1/home/bosna-bh-telecom-sc-derby/,"Monday, 11.01.2027"
159,ROUND 16,B,2027-01-15,,2027-01-15,true,Spartak Office Shoes,Perspektiva Ilirija,,https://www.aba-liga.com/match/159/26/1/Overview/q1/1/home/spartak-office-shoes-perspektiva-ilirija/,"Friday, 15.01.2027"
160,ROUND 16,B,2027-01-15,,2027-01-15,true,Bosna BH Telecom,Vienna,,https://www.aba-liga.com/match/160/26/1/Overview/q1/1/home/bosna-bh-telecom-vienna/,"Friday, 15.01.2027"
154,ROUND 16,A,2027-01-16,,2027-01-16,true,Igokea m:tel,FMP,,https://www.aba-liga.com/match/154/26/1/Overview/q1/1/home/igokea-m-tel-fmp/,"Saturday, 16.01.2027"
155,ROUND 16,A,2027-01-16,,2027-01-16,true,Borac Mozzart,Krka,,https://www.aba-liga.com/match/155/26/1/Overview/q1/1/home/borac-mozzart-krka/,"Saturday, 16.01.2027"
158,ROUND 16,B,2027-01-16,,2027-01-16,true,U-BT Cluj-Napoca,Mega Superbet,,https://www.aba-liga.com/match/158/26/1/Overview/q1/1/home/u-bt-cluj-napoca-mega-superbet/,"Saturday, 16.01.2027"
151,ROUND 16,A,2027-01-17,,2027-01-17,true,Budućnost VOLI,Crvena zvezda Meridianbet,,https://www.aba-liga.com/match/151/26/1/Overview/q1/1/home/buducnost-voli-crvena-zvezda-meridianbet/,"Sunday, 17.01.2027"
152,ROUND 16,A,2027-01-17,,2027-01-17,true,Slovan Bratislava,Cedevita Olimpija,,https://www.aba-liga.com/match/152/26/1/Overview/q1/1/home/slovan-bratislava-cedevita-olimpija/,"Sunday, 17.01.2027"
153,ROUND 16,A,2027-01-17,,2027-01-17,true,Cibona,HKK Široki TT Kabeli,,https://www.aba-liga.com/match/153/26/1/Overview/q1/1/home/cibona-hkk-siroki-tt-kabeli/,"Sunday, 17.01.2027"
156,ROUND 16,B,2027-01-18,,2027-01-18,true,Partizan Mozzart Bet,Zadar,,https://www.aba-liga.com/match/156/26/1/Overview/q1/1/home/partizan-mozzart-bet-zadar/,"Monday, 18.01.2027"
157,ROUND 16,B,2027-01-18,,2027-01-18,true,SC Derby,Dubai Basketball,,https://www.aba-liga.com/match/157/26/1/Overview/q1/1/home/sc-derby-dubai-basketball/,"Monday, 18.01.2027"
164,ROUND 17,A,2027-01-22,,2027-01-22,true,FMP,Borac Mozzart,,https://www.aba-liga.com/match/164/26/1/Overview/q1/1/home/fmp-borac-mozzart/,"Friday, 22.01.2027"
168,ROUND 17,B,2027-01-22,,2027-01-22,true,Bosna BH Telecom,Zadar,,https://www.aba-liga.com/match/168/26/1/Overview/q1/1/home/bosna-bh-telecom-zadar/,"Friday, 22.01.2027"
162,ROUND 17,A,2027-01-23,,2027-01-23,true,HKK Široki TT Kabeli,Budućnost VOLI,,https://www.aba-liga.com/match/162/26/1/Overview/q1/1/home/hkk-siroki-tt-kabeli-buducnost-voli/,"Saturday, 23.01.2027"
163,ROUND 17,A,2027-01-23,,2027-01-23,true,Cibona,Cedevita Olimpija,,https://www.aba-liga.com/match/163/26/1/Overview/q1/1/home/cibona-cedevita-olimpija/,"Saturday, 23.01.2027"
161,ROUND 17,A,2027-01-24,,2027-01-24,true,Crvena zvezda Meridianbet,Igokea m:tel,,https://www.aba-liga.com/match/161/26/1/Overview/q1/1/home/crvena-zvezda-meridianbet-igokea-m-tel/,"Sunday, 24.01.2027"
167,ROUND 17,B,2027-01-24,,2027-01-24,true,U-BT Cluj-Napoca,Vienna,,https://www.aba-liga.com/match/167/26/1/Overview/q1/1/home/u-bt-cluj-napoca-vienna/,"Sunday, 24.01.2027"
170,ROUND 17,B,2027-01-24,,2027-01-24,true,Spartak Office Shoes,SC Derby,,https://www.aba-liga.com/match/170/26/1/Overview/q1/1/home/spartak-office-shoes-sc-derby/,"Sunday, 24.01.2027"
169,ROUND 17,B,2027-01-24,12:00,2027-01-24T12:00:00+01:00,false,Mega Superbet,Perspektiva Ilirija,,https://www.aba-liga.com/match/169/26/1/Overview/q1/1/home/mega-superbet-perspektiva-ilirija/,"Sunday, 24.01.2027 12:00 CET"
165,ROUND 17,A,2027-01-25,,2027-01-25,true,Krka,Slovan Bratislava,,https://www.aba-liga.com/match/165/26/1/Overview/q1/1/home/krka-slovan-bratislava/,"Monday, 25.01.2027"
166,ROUND 17,B,2027-01-25,,2027-01-25,true,Dubai Basketball,Partizan Mozzart Bet,,https://www.aba-liga.com/match/166/26/1/Overview/q1/1/home/dubai-basketball-partizan-mozzart-bet/,"Monday, 25.01.2027"
178,ROUND 18,B,2027-01-28,,2027-01-28,true,SC Derby,Mega Superbet,,https://www.aba-liga.com/match/178/26/1/Overview/q1/1/home/sc-derby-mega-superbet/,"Thursday, 28.01.2027"
179,ROUND 18,B,2027-01-28,,2027-01-28,true,Perspektiva Ilirija,U-BT Cluj-Napoca,,https://www.aba-liga.com/match/179/26/1/Overview/q1/1/home/perspektiva-ilirija-u-bt-cluj-napoca/,"Thursday, 28.01.2027"
172,ROUND 18,A,2027-01-29,,2027-01-29,true,Budućnost VOLI,Igokea m:tel,,https://www.aba-liga.com/match/172/26/1/Overview/q1/1/home/buducnost-voli-igokea-m-tel/,"Friday, 29.01.2027"
173,ROUND 18,A,2027-01-29,,2027-01-29,true,Cedevita Olimpija,Borac Mozzart,,https://www.aba-liga.com/match/173/26/1/Overview/q1/1/home/cedevita-olimpija-borac-mozzart/,"Friday, 29.01.2027"
175,ROUND 18,A,2027-01-30,,2027-01-30,true,FMP,Krka,,https://www.aba-liga.com/match/175/26/1/Overview/q1/1/home/fmp-krka/,"Saturday, 30.01.2027"
180,ROUND 18,B,2027-01-30,17:00,2027-01-30T17:00:00+01:00,false,Vienna,Spartak Office Shoes,,https://www.aba-liga.com/match/180/26/1/Overview/q1/1/home/vienna-spartak-office-shoes/,"Saturday, 30.01.2027 17:00 CET"
171,ROUND 18,A,2027-01-31,,2027-01-31,true,HKK Široki TT Kabeli,Crvena zvezda Meridianbet,,https://www.aba-liga.com/match/171/26/1/Overview/q1/1/home/hkk-siroki-tt-kabeli-crvena-zvezda-meridianbet/,"Sunday, 31.01.2027"
174,ROUND 18,A,2027-01-31,,2027-01-31,true,Slovan Bratislava,Cibona,,https://www.aba-liga.com/match/174/26/1/Overview/q1/1/home/slovan-bratislava-cibona/,"Sunday, 31.01.2027"
176,ROUND 18,B,2027-01-31,,2027-01-31,true,Partizan Mozzart Bet,Bosna BH Telecom,,https://www.aba-liga.com/match/176/26/1/Overview/q1/1/home/partizan-mozzart-bet-bosna-bh-telecom/,"Sunday, 31.01.2027"
177,ROUND 18,B,2027-01-31,,2027-01-31,true,Zadar,Dubai Basketball,,https://www.aba-liga.com/match/177/26/1/Overview/q1/1/home/zadar-dubai-basketball/,"Sunday, 31.01.2027"
